Workbook

Sheet Sheet1
A1: 被试 | B1: 任务 | C1: 任务难度 | D1: 情景不稳定性D | E1: 情景复杂性D | F1: 情景变动性D | G1: 觉醒力S | H1: 剩余脑力S | I1: 专注力S | J1: 注意力分割S | K1: 信息数量U | L1: 信息质量U | M1: 情景熟悉度U | N1: SART总分 | O1: Demand合计(D) | P1: Supply合计(S) | Q1: Understanding合计(U)
A2: 1 | B2: 2 | C2: 中 | D2: 1 | E2: 4 | F2: 3 | G2: 3 | H2: 2 | I2: 4 | J2: 4 | K2: 5 | L2: 5 | M2: 4 | N2: =SUM(G2:J2)+SUM(K2:M2)-SUM(D2:F2) -> 19 | O2: =SUM(D2:F2) -> 8 | P2: =SUM(G2:J2) -> 13 | Q2: =SUM(K2:M2) -> 14
A3: 1 | B3: 5_6 | C3: 高 | D3: 4 | E3: 5 | F3: 5 | G3: 4 | H3: 1 | I3: 5 | J3: 5 | K3: 6 | L3: 4 | M3: 3 | N3: =SUM(G3:J3)+SUM(K3:M3)-SUM(D3:F3) -> 14 | O3: =SUM(D3:F3) -> 14 | P3: =SUM(G3:J3) -> 15 | Q3: =SUM(K3:M3) -> 13
A4: 1 | B4: 3 | C4: 低 | D4: 1 | E4: 2 | F4: 2 | G4: 2 | H4: 6 | I4: 4 | J4: 6 | K4: 2 | L4: 2 | M4: 4 | N4: =SUM(G4:J4)+SUM(K4:M4)-SUM(D4:F4) -> 21 | O4: =SUM(D4:F4) -> 5 | P4: =SUM(G4:J4) -> 18 | Q4: =SUM(K4:M4) -> 8
A5: 2 | B5: 1 | C5: 中 | D5: 2 | E5: 3 | F5: 5 | G5: 4 | H5: 5 | I5: 3 | J5: 4 | K5: 4 | L5: 5 | M5: 4 | N5: =SUM(G5:J5)+SUM(K5:M5)-SUM(D5:F5) -> 19 | O5: =SUM(D5:F5) -> 10 | P5: =SUM(G5:J5) -> 16 | Q5: =SUM(K5:M5) -> 13
A6: 2 | B6: 5_6 | C6: 高 | D6: 4 | E6: 3 | F6: 4 | G6: 5 | H6: 3 | I6: 4 | J6: 5 | K6: 4 | L6: 5 | M6: 3 | N6: =SUM(G6:J6)+SUM(K6:M6)-SUM(D6:F6) -> 18 | O6: =SUM(D6:F6) -> 11 | P6: =SUM(G6:J6) -> 17 | Q6: =SUM(K6:M6) -> 12
A7: 2 | B7: 3 | C7: 低 | D7: 2 | E7: 2 | F7: 3 | G7: 3 | H7: 5 | I7: 4 | J7: 4 | K7: 3 | L7: 6 | M7: 5 | N7: =SUM(G7:J7)+SUM(K7:M7)-SUM(D7:F7) -> 23 | O7: =SUM(D7:F7) -> 7 | P7: =SUM(G7:J7) -> 16 | Q7: =SUM(K7:M7) -> 14
A8: 3 | B8: 1 | C8: 中 | D8: 2 | E8: 3 | F8: 2 | G8: 2 | H8: 3 | I8: 3 | J8: 4 | K8: 6 | L8: 5 | M8: 3 | N8: =SUM(G8:J8)+SUM(K8:M8)-SUM(D8:F8) -> 19 | O8: =SUM(D8:F8) -> 7 | P8: =SUM(G8:J8) -> 12 | Q8: =SUM(K8:M8) -> 14
A9: 3 | B9: 4 | C9: 中 | D9: 2 | E9: 2 | F9: 3 | G9: 2 | H9: 3 | I9: 2 | J9: 5 | K9: 5 | L9: 4 | M9: 2 | N9: =SUM(G9:J9)+SUM(K9:M9)-SUM(D9:F9) -> 16 | O9: =SUM(D9:F9) -> 7 | P9: =SUM(G9:J9) -> 12 | Q9: =SUM(K9:M9) -> 11
A10: 3 | B10: 5_6 | C10: 高 | D10: 3 | E10: 3 | F10: 3 | G10: 2 | H10: 4 | I10: 5 | J10: 4 | K10: 5 | L10: 5 | M10: 2 | N10: =SUM(G10:J10)+SUM(K10:M10)-SUM(D10:F10) -> 18 | O10: =SUM(D10:F10) -> 9 | P10: =SUM(G10:J10) -> 15 | Q10: =SUM(K10:M10) -> 12
A11: 4 | B11: 2 | C11: 中 | D11: 3 | E11: 4 | F11: 4 | G11: 5 | H11: 3 | I11: 6 | J11: 6 | K11: 5 | L11: 6 | M11: 4 | N11: =SUM(G11:J11)+SUM(K11:M11)-SUM(D11:F11) -> 24 | O11: =SUM(D11:F11) -> 11 | P11: =SUM(G11:J11) -> 20 | Q11: =SUM(K11:M11) -> 15
A12: 4 | B12: 4 | C12: 中 | D12: 4 | E12: 3 | F12: 5 | G12: 4 | H12: 5 | I12: 5 | J12: 5 | K12: 4 | L12: 4 | M12: 3 | N12: =SUM(G12:J12)+SUM(K12:M12)-SUM(D12:F12) -> 18 | O12: =SUM(D12:F12) -> 12 | P12: =SUM(G12:J12) -> 19 | Q12: =SUM(K12:M12) -> 11
A13: 4 | B13: 5_6 | C13: 高 | D13: 5 | E13: 5 | F13: 6 | G13: 7 | H13: 2 | I13: 6 | J13: 7 | K13: 7 | L13: 6 | M13: 5 | N13: =SUM(G13:J13)+SUM(K13:M13)-SUM(D13:F13) -> 24 | O13: =SUM(D13:F13) -> 16 | P13: =SUM(G13:J13) -> 22 | Q13: =SUM(K13:M13) -> 18
A14: 5 | B14: 1 | C14: 中 | D14: 4 | E14: 3 | F14: 4 | G14: 3 | H14: 3 | I14: 5 | J14: 5 | K14: 6 | L14: 6 | M14: 5 | N14: =SUM(G14:J14)+SUM(K14:M14)-SUM(D14:F14) -> 22 | O14: =SUM(D14:F14) -> 11 | P14: =SUM(G14:J14) -> 16 | Q14: =SUM(K14:M14) -> 17
A15: 5 | B15: 4 | C15: 中 | D15: 5 | E15: 5 | F15: 6 | G15: 4 | H15: 3 | I15: 4 | J15: 5 | K15: 6 | L15: 5 | M15: 4 | N15: =SUM(G15:J15)+SUM(K15:M15)-SUM(D15:F15) -> 15 | O15: =SUM(D15:F15) -> 16 | P15: =SUM(G15:J15) -> 16 | Q15: =SUM(K15:M15) -> 15
A16: 5 | B16: 5_6 | C16: 高 | D16: 5 | E16: 6 | F16: 4 | G16: 4 | H16: 3 | I16: 5 | J16: 5 | K16: 6 | L16: 7 | M16: 6 | N16: =SUM(G16:J16)+SUM(K16:M16)-SUM(D16:F16) -> 21 | O16: =SUM(D16:F16) -> 15 | P16: =SUM(G16:J16) -> 17 | Q16: =SUM(K16:M16) -> 19
A17: 6 | B17: 2 | C17: 中 | D17: 2 | E17: 2 | F17: 2 | G17: 6 | H17: 4 | I17: 5 | J17: 3 | K17: 4 | L17: 5 | M17: 5 | N17: =SUM(G17:J17)+SUM(K17:M17)-SUM(D17:F17) -> 26 | O17: =SUM(D17:F17) -> 6 | P17: =SUM(G17:J17) -> 18 | Q17: =SUM(K17:M17) -> 14
A18: 6 | B18: 5_6 | C18: 高 | D18: 2 | E18: 5 | F18: 2 | G18: 5 | H18: 3 | I18: 6 | J18: 4 | K18: 5 | L18: 4 | M18: 4 | N18: =SUM(G18:J18)+SUM(K18:M18)-SUM(D18:F18) -> 22 | O18: =SUM(D18:F18) -> 9 | P18: =SUM(G18:J18) -> 18 | Q18: =SUM(K18:M18) -> 13
A19: 6 | B19: 3 | C19: 低 | D19: 1 | E19: 1 | F19: 1 | G19: 6 | H19: 5 | I19: 2 | J19: 1 | K19: 2 | L19: 3 | M19: 4 | N19: =SUM(G19:J19)+SUM(K19:M19)-SUM(D19:F19) -> 20 | O19: =SUM(D19:F19) -> 3 | P19: =SUM(G19:J19) -> 14 | Q19: =SUM(K19:M19) -> 9
A20: 7 | B20: 2 | C20: 中 | D20: 6 | E20: 5 | F20: 3 | G20: 5 | H20: 3 | I20: 3 | J20: 4 | K20: 3 | L20: 4 | M20: 4 | N20: =SUM(G20:J20)+SUM(K20:M20)-SUM(D20:F20) -> 12 | O20: =SUM(D20:F20) -> 14 | P20: =SUM(G20:J20) -> 15 | Q20: =SUM(K20:M20) -> 11
A21: 7 | B21: 5_6 | C21: 高 | D21: 5 | E21: 6 | F21: 3 | G21: 4 | H21: 2 | I21: 5 | J21: 4 | K21: 4 | L21: 2 | M21: 5 | N21: =SUM(G21:J21)+SUM(K21:M21)-SUM(D21:F21) -> 12 | O21: =SUM(D21:F21) -> 14 | P21: =SUM(G21:J21) -> 15 | Q21: =SUM(K21:M21) -> 11
A22: 7 | B22: 3 | C22: 低 | D22: 3 | E22: 3 | F22: 2 | G22: 3 | H22: 5 | I22: 5 | J22: 5 | K22: 3 | L22: 4 | M22: 4 | N22: =SUM(G22:J22)+SUM(K22:M22)-SUM(D22:F22) -> 21 | O22: =SUM(D22:F22) -> 8 | P22: =SUM(G22:J22) -> 18 | Q22: =SUM(K22:M22) -> 11
A23: 8 | B23: 1 | C23: 中 | D23: 3 | E23: 3 | F23: 2 | G23: 5 | H23: 3 | I23: 4 | J23: 2 | K23: 3 | L23: 4 | M23: 5 | N23: =SUM(G23:J23)+SUM(K23:M23)-SUM(D23:F23) -> 18 | O23: =SUM(D23:F23) -> 8 | P23: =SUM(G23:J23) -> 14 | Q23: =SUM(K23:M23) -> 12
A24: 8 | B24: 4 | C24: 中 | D24: 2 | E24: 3 | F24: 2 | G24: 5 | H24: 5 | I24: 4 | J24: 1 | K24: 2 | L24: 5 | M24: 5 | N24: =SUM(G24:J24)+SUM(K24:M24)-SUM(D24:F24) -> 20 | O24: =SUM(D24:F24) -> 7 | P24: =SUM(G24:J24) -> 15 | Q24: =SUM(K24:M24) -> 12
A25: 8 | B25: 5_6 | C25: 高 | D25: 4 | E25: 4 | F25: 2 | G25: 5 | H25: 3 | I25: 4 | J25: 3 | K25: 4 | L25: 3 | M25: 5 | N25: =SUM(G25:J25)+SUM(K25:M25)-SUM(D25:F25) -> 17 | O25: =SUM(D25:F25) -> 10 | P25: =SUM(G25:J25) -> 15 | Q25: =SUM(K25:M25) -> 12
A26: 9 | B26: 1 | C26: 中 | D26: 6 | E26: 3 | F26: 4 | G26: 3 | H26: 6 | I26: 5 | J26: 4 | K26: 5 | L26: 5 | M26: 6 | N26: =SUM(G26:J26)+SUM(K26:M26)-SUM(D26:F26) -> 21 | O26: =SUM(D26:F26) -> 13 | P26: =SUM(G26:J26) -> 18 | Q26: =SUM(K26:M26) -> 16
A27: 9 | B27: 4 | C27: 中 | D27: 5 | E27: 4 | F27: 3 | G27: 4 | H27: 5 | I27: 4 | J27: 5 | K27: 4 | L27: 4 | M27: 5 | N27: =SUM(G27:J27)+SUM(K27:M27)-SUM(D27:F27) -> 19 | O27: =SUM(D27:F27) -> 12 | P27: =SUM(G27:J27) -> 18 | Q27: =SUM(K27:M27) -> 13
A28: 9 | B28: 5_6 | C28: 高 | D28: 4 | E28: 7 | F28: 5 | G28: 6 | H28: 3 | I28: 6 | J28: 6 | K28: 5 | L28: 4 | M28: 3 | N28: =SUM(G28:J28)+SUM(K28:M28)-SUM(D28:F28) -> 17 | O28: =SUM(D28:F28) -> 16 | P28: =SUM(G28:J28) -> 21 | Q28: =SUM(K28:M28) -> 12
A29: 10 | B29: 2 | C29: 中 | D29: 2 | E29: 3 | F29: 3 | G29: 3 | H29: 4 | I29: 5 | J29: 5 | K29: 6 | L29: 6 | M29: 4 | N29: =SUM(G29:J29)+SUM(K29:M29)-SUM(D29:F29) -> 25 | O29: =SUM(D29:F29) -> 8 | P29: =SUM(G29:J29) -> 17 | Q29: =SUM(K29:M29) -> 16
A30: 10 | B30: 5_6 | C30: 高 | D30: 2 | E30: 4 | F30: 4 | G30: 5 | H30: 5 | I30: 6 | J30: 6 | K30: 7 | L30: 6 | M30: 4 | N30: =SUM(G30:J30)+SUM(K30:M30)-SUM(D30:F30) -> 29 | O30: =SUM(D30:F30) -> 10 | P30: =SUM(G30:J30) -> 22 | Q30: =SUM(K30:M30) -> 17
A31: 10 | B31: 3 | C31: 低 | D31: 1 | E31: 2 | F31: 2 | G31: 4 | H31: 5 | I31: 4 | J31: 3 | K31: 4 | L31: 5 | M31: 4 | N31: =SUM(G31:J31)+SUM(K31:M31)-SUM(D31:F31) -> 24 | O31: =SUM(D31:F31) -> 5 | P31: =SUM(G31:J31) -> 16 | Q31: =SUM(K31:M31) -> 13
A32: 11 | B32: 1 | C32: 中 | D32: 5 | E32: 5 | F32: 3 | G32: 3 | H32: 4 | I32: 5 | J32: 3 | K32: 5 | L32: 3 | M32: 2 | N32: =SUM(G32:J32)+SUM(K32:M32)-SUM(D32:F32) -> 12 | O32: =SUM(D32:F32) -> 13 | P32: =SUM(G32:J32) -> 15 | Q32: =SUM(K32:M32) -> 10
A33: 11 | B33: 5_6 | C33: 高 | D33: 5 | E33: 5 | F33: 4 | G33: 4 | H33: 2 | I33: 4 | J33: 3 | K33: 4 | L33: 3 | M33: 3 | N33: =SUM(G33:J33)+SUM(K33:M33)-SUM(D33:F33) -> 9 | O33: =SUM(D33:F33) -> 14 | P33: =SUM(G33:J33) -> 13 | Q33: =SUM(K33:M33) -> 10
A34: 11 | B34: 3 | C34: 低 | D34: 5 | E34: 4 | F34: 3 | G34: 4 | H34: 3 | I34: 5 | J34: 3 | K34: 4 | L34: 3 | M34: 2 | N34: =SUM(G34:J34)+SUM(K34:M34)-SUM(D34:F34) -> 12 | O34: =SUM(D34:F34) -> 12 | P34: =SUM(G34:J34) -> 15 | Q34: =SUM(K34:M34) -> 9
A35: 12 | B35: 2 | C35: 中 | D35: 2 | E35: 1 | F35: 2 | G35: 4 | H35: 5 | I35: 3 | J35: 6 | K35: 4 | L35: 4 | M35: 7 | N35: =SUM(G35:J35)+SUM(K35:M35)-SUM(D35:F35) -> 28 | O35: =SUM(D35:F35) -> 5 | P35: =SUM(G35:J35) -> 18 | Q35: =SUM(K35:M35) -> 15
A36: 12 | B36: 5_6 | C36: 高 | D36: 6 | E36: 7 | F36: 5 | G36: 6 | H36: 3 | I36: 4 | J36: 6 | K36: 6 | L36: 4 | M36: 5 | N36: =SUM(G36:J36)+SUM(K36:M36)-SUM(D36:F36) -> 16 | O36: =SUM(D36:F36) -> 18 | P36: =SUM(G36:J36) -> 19 | Q36: =SUM(K36:M36) -> 15
A37: 12 | B37: 3 | C37: 低 | D37: 1 | E37: 1 | F37: 2 | G37: 5 | H37: 6 | I37: 5 | J37: 2 | K37: 3 | L37: 5 | M37: 4 | N37: =SUM(G37:J37)+SUM(K37:M37)-SUM(D37:F37) -> 26 | O37: =SUM(D37:F37) -> 4 | P37: =SUM(G37:J37) -> 18 | Q37: =SUM(K37:M37) -> 12
A38: 13 | B38: 5_6 | C38: 高 | D38: 5 | E38: 4 | F38: 5 | G38: 1 | H38: 1 | I38: 4 | J38: 5 | K38: 4 | L38: 2 | M38: 2 | N38: =SUM(G38:J38)+SUM(K38:M38)-SUM(D38:F38) -> 5 | O38: =SUM(D38:F38) -> 14 | P38: =SUM(G38:J38) -> 11 | Q38: =SUM(K38:M38) -> 8
A39: 13 | B39: 3 | C39: 低 | D39: 2 | E39: 1 | F39: 2 | G39: 4 | H39: 4 | I39: 2 | J39: 2 | K39: 2 | L39: 3 | M39: 4 | N39: =SUM(G39:J39)+SUM(K39:M39)-SUM(D39:F39) -> 16 | O39: =SUM(D39:F39) -> 5 | P39: =SUM(G39:J39) -> 12 | Q39: =SUM(K39:M39) -> 9
A40: 13 | B40: 5 | C40: 低 | D40: 1 | E40: 2 | F40: 1 | G40: 2 | H40: 4 | I40: 4 | J40: 1 | K40: 1 | L40: 4 | M40: 3 | N40: =SUM(G40:J40)+SUM(K40:M40)-SUM(D40:F40) -> 15 | O40: =SUM(D40:F40) -> 4 | P40: =SUM(G40:J40) -> 11 | Q40: =SUM(K40:M40) -> 8
A41: 14 | B41: 5_6 | C41: 高 | D41: 3 | E41: 4 | F41: 5 | G41: 3 | H41: 4 | I41: 5 | J41: 4 | K41: 6 | L41: 4 | M41: 1 | N41: =SUM(G41:J41)+SUM(K41:M41)-SUM(D41:F41) -> 15 | O41: =SUM(D41:F41) -> 12 | P41: =SUM(G41:J41) -> 16 | Q41: =SUM(K41:M41) -> 11
A42: 14 | B42: 3 | C42: 低 | D42: 1 | E42: 1 | F42: 2 | G42: 2 | H42: 6 | I42: 2 | J42: 3 | K42: 2 | L42: 3 | M42: 3 | N42: =SUM(G42:J42)+SUM(K42:M42)-SUM(D42:F42) -> 17 | O42: =SUM(D42:F42) -> 4 | P42: =SUM(G42:J42) -> 13 | Q42: =SUM(K42:M42) -> 8
A43: 14 | B43: 5 | C43: 低 | D43: 4 | E43: 3 | F43: 3 | G43: 3 | H43: 5 | I43: 3 | J43: 4 | K43: 3 | L43: 3 | M43: 2 | N43: =SUM(G43:J43)+SUM(K43:M43)-SUM(D43:F43) -> 13 | O43: =SUM(D43:F43) -> 10 | P43: =SUM(G43:J43) -> 15 | Q43: =SUM(K43:M43) -> 8
A44: 15 | B44: 5_6 | C44: 高 | D44: 3 | E44: 5 | F44: 5 | G44: 2 | H44: 3 | I44: 4 | J44: 2 | K44: 3 | L44: 3 | M44: 2 | N44: =SUM(G44:J44)+SUM(K44:M44)-SUM(D44:F44) -> 6 | O44: =SUM(D44:F44) -> 13 | P44: =SUM(G44:J44) -> 11 | Q44: =SUM(K44:M44) -> 8
A45: 15 | B45: 3 | C45: 低 | D45: 2 | E45: 2 | F45: 2 | G45: 3 | H45: 4 | I45: 5 | J45: 4 | K45: 4 | L45: 5 | M45: 5 | N45: =SUM(G45:J45)+SUM(K45:M45)-SUM(D45:F45) -> 24 | O45: =SUM(D45:F45) -> 6 | P45: =SUM(G45:J45) -> 16 | Q45: =SUM(K45:M45) -> 14
A46: 15 | B46: 5 | C46: 低 | D46: 3 | E46: 2 | F46: 1 | G46: 3 | H46: 5 | I46: 3 | J46: 2 | K46: 3 | L46: 5 | M46: 7 | N46: =SUM(G46:J46)+SUM(K46:M46)-SUM(D46:F46) -> 22 | O46: =SUM(D46:F46) -> 6 | P46: =SUM(G46:J46) -> 13 | Q46: =SUM(K46:M46) -> 15
A47: 16 | B47: 5_6 | C47: 高 | D47: 3 | E47: 5 | F47: 3 | G47: 2 | H47: 5 | I47: 7 | J47: 5 | K47: 6 | L47: 6 | M47: 3 | N47: =SUM(G47:J47)+SUM(K47:M47)-SUM(D47:F47) -> 23 | O47: =SUM(D47:F47) -> 11 | P47: =SUM(G47:J47) -> 19 | Q47: =SUM(K47:M47) -> 15
A48: 16 | B48: 3 | C48: 低 | D48: 2 | E48: 2 | F48: 3 | G48: 4 | H48: 4 | I48: 6 | J48: 4 | K48: 5 | L48: 7 | M48: 3 | N48: =SUM(G48:J48)+SUM(K48:M48)-SUM(D48:F48) -> 26 | O48: =SUM(D48:F48) -> 7 | P48: =SUM(G48:J48) -> 18 | Q48: =SUM(K48:M48) -> 15
A49: 16 | B49: 5 | C49: 低 | D49: 2 | E49: 2 | F49: 3 | G49: 3 | H49: 4 | I49: 6 | J49: 5 | K49: 6 | L49: 7 | M49: 3 | N49: =SUM(G49:J49)+SUM(K49:M49)-SUM(D49:F49) -> 27 | O49: =SUM(D49:F49) -> 7 | P49: =SUM(G49:J49) -> 18 | Q49: =SUM(K49:M49) -> 16
A50: 17 | B50: 4 | C50: 中 | D50: 4 | E50: 3 | F50: 2 | G50: 5 | H50: 4 | I50: 4 | J50: 5 | K50: 5 | L50: 4 | M50: 5 | N50: =SUM(G50:J50)+SUM(K50:M50)-SUM(D50:F50) -> 23 | O50: =SUM(D50:F50) -> 9 | P50: =SUM(G50:J50) -> 18 | Q50: =SUM(K50:M50) -> 14
A51: 17 | B51: 5_6 | C51: 高 | D51: 5 | E51: 4 | F51: 3 | G51: 4 | H51: 3 | I51: 4 | J51: 6 | K51: 6 | L51: 4 | M51: 5 | N51: =SUM(G51:J51)+SUM(K51:M51)-SUM(D51:F51) -> 20 | O51: =SUM(D51:F51) -> 12 | P51: =SUM(G51:J51) -> 17 | Q51: =SUM(K51:M51) -> 15
A52: 17 | B52: 5 | C52: 低 | D52: 2 | E52: 2 | F52: 2 | G52: 3 | H52: 5 | I52: 3 | J52: 4 | K52: 3 | L52: 6 | M52: 6 | N52: =SUM(G52:J52)+SUM(K52:M52)-SUM(D52:F52) -> 24 | O52: =SUM(D52:F52) -> 6 | P52: =SUM(G52:J52) -> 15 | Q52: =SUM(K52:M52) -> 15
A53: 18 | B53: 5_6 | C53: 高 | D53: 6 | E53: 6 | F53: 5 | G53: 6 | H53: 1 | I53: 5 | J53: 6 | K53: 6 | L53: 5 | M53: 2 | N53: =SUM(G53:J53)+SUM(K53:M53)-SUM(D53:F53) -> 14 | O53: =SUM(D53:F53) -> 17 | P53: =SUM(G53:J53) -> 18 | Q53: =SUM(K53:M53) -> 13
A54: 18 | B54: 3 | C54: 低 | D54: 2 | E54: 1 | F54: 3 | G54: 3 | H54: 4 | I54: 2 | J54: 3 | K54: 2 | L54: 5 | M54: 6 | N54: =SUM(G54:J54)+SUM(K54:M54)-SUM(D54:F54) -> 19 | O54: =SUM(D54:F54) -> 6 | P54: =SUM(G54:J54) -> 12 | Q54: =SUM(K54:M54) -> 13
A55: 18 | B55: 5 | C55: 低 | D55: 3 | E55: 2 | F55: 3 | G55: 3 | H55: 5 | I55: 3 | J55: 3 | K55: 3 | L55: 4 | M55: 6 | N55: =SUM(G55:J55)+SUM(K55:M55)-SUM(D55:F55) -> 19 | O55: =SUM(D55:F55) -> 8 | P55: =SUM(G55:J55) -> 14 | Q55: =SUM(K55:M55) -> 13
A56: 19 | B56: 5_6 | C56: 高 | D56: 5 | E56: 4 | F56: 5 | G56: 4 | H56: 2 | I56: 6 | J56: 5 | K56: 7 | L56: 4 | M56: 2 | N56: =SUM(G56:J56)+SUM(K56:M56)-SUM(D56:F56) -> 16 | O56: =SUM(D56:F56) -> 14 | P56: =SUM(G56:J56) -> 17 | Q56: =SUM(K56:M56) -> 13
A57: 19 | B57: 3 | C57: 低 | D57: 2 | E57: 3 | F57: 1 | G57: 3 | H57: 5 | I57: 4 | J57: 3 | K57: 3 | L57: 4 | M57: 3 | N57: =SUM(G57:J57)+SUM(K57:M57)-SUM(D57:F57) -> 19 | O57: =SUM(D57:F57) -> 6 | P57: =SUM(G57:J57) -> 15 | Q57: =SUM(K57:M57) -> 10
A58: 19 | B58: 5 | C58: 低 | D58: 4 | E58: 3 | F58: 4 | G58: 4 | H58: 3 | I58: 5 | J58: 4 | K58: 6 | L58: 4 | M58: 3 | N58: =SUM(G58:J58)+SUM(K58:M58)-SUM(D58:F58) -> 18 | O58: =SUM(D58:F58) -> 11 | P58: =SUM(G58:J58) -> 16 | Q58: =SUM(K58:M58) -> 13
A59: 20 | B59: 4 | C59: 中 | D59: 3 | E59: 4 | F59: 4 | G59: 4 | H59: 3 | I59: 3 | J59: 4 | K59: 4 | L59: 3 | M59: 2 | N59: =SUM(G59:J59)+SUM(K59:M59)-SUM(D59:F59) -> 12 | O59: =SUM(D59:F59) -> 11 | P59: =SUM(G59:J59) -> 14 | Q59: =SUM(K59:M59) -> 9
A60: 20 | B60: 5_6_1 | C60: 高 | D60: 4 | E60: 5 | F60: 5 | G60: 2 | H60: 2 | I60: 4 | J60: 5 | K60: 4 | L60: 2 | M60: 4 | N60: =SUM(G60:J60)+SUM(K60:M60)-SUM(D60:F60) -> 9 | O60: =SUM(D60:F60) -> 14 | P60: =SUM(G60:J60) -> 13 | Q60: =SUM(K60:M60) -> 10
A61: 20 | B61: 5_6_2 | C61: 高 | D61: 4 | E61: 5 | F61: 5 | G61: 5 | H61: 5 | I61: 5 | J61: 5 | K61: 5 | L61: 3 | M61: 5 | N61: =SUM(G61:J61)+SUM(K61:M61)-SUM(D61:F61) -> 19 | O61: =SUM(D61:F61) -> 14 | P61: =SUM(G61:J61) -> 20 | Q61: =SUM(K61:M61) -> 13
A62: 20 | B62: 3 | C62: 低 | D62: 1 | E62: 1 | F62: 1 | G62: 4 | H62: 5 | I62: 2 | J62: 2 | K62: 1 | L62: 5 | M62: 4 | N62: =SUM(G62:J62)+SUM(K62:M62)-SUM(D62:F62) -> 20 | O62: =SUM(D62:F62) -> 3 | P62: =SUM(G62:J62) -> 13 | Q62: =SUM(K62:M62) -> 10
A63: 21 | B63: 4 | C63: 中 | D63: 2 | E63: 3 | F63: 2 | G63: 6 | H63: 5 | I63: 6 | J63: 5 | K63: 4 | L63: 4 | M63: 6 | N63: =SUM(G63:J63)+SUM(K63:M63)-SUM(D63:F63) -> 29 | O63: =SUM(D63:F63) -> 7 | P63: =SUM(G63:J63) -> 22 | Q63: =SUM(K63:M63) -> 14
A64: 21 | B64: 5_6 | C64: 高 | D64: 3 | E64: 5 | F64: 3 | G64: 3 | H64: 4 | I64: 4 | J64: 5 | K64: 5 | L64: 4 | M64: 3 | N64: =SUM(G64:J64)+SUM(K64:M64)-SUM(D64:F64) -> 17 | O64: =SUM(D64:F64) -> 11 | P64: =SUM(G64:J64) -> 16 | Q64: =SUM(K64:M64) -> 12
A65: 21 | B65: 3 | C65: 低 | D65: 2 | E65: 3 | F65: 1 | G65: 7 | H65: 6 | I65: 6 | J65: 5 | K65: 2 | L65: 5 | M65: 6 | N65: =SUM(G65:J65)+SUM(K65:M65)-SUM(D65:F65) -> 31 | O65: =SUM(D65:F65) -> 6 | P65: =SUM(G65:J65) -> 24 | Q65: =SUM(K65:M65) -> 13
A66: 21 | B66: 5 | C66: 低 | D66: 2 | E66: 3 | F66: 2 | G66: 6 | H66: 4 | I66: 6 | J66: 5 | K66: 3 | L66: 4 | M66: 5 | N66: =SUM(G66:J66)+SUM(K66:M66)-SUM(D66:F66) -> 26 | O66: =SUM(D66:F66) -> 7 | P66: =SUM(G66:J66) -> 21 | Q66: =SUM(K66:M66) -> 12
A67: 22 | B67: 4 | C67: 中 | D67: 5 | E67: 5 | F67: 4 | G67: 4 | H67: 4 | I67: 6 | J67: 5 | K67: 6 | L67: 4 | M67: 5 | N67: =SUM(G67:J67)+SUM(K67:M67)-SUM(D67:F67) -> 20 | O67: =SUM(D67:F67) -> 14 | P67: =SUM(G67:J67) -> 19 | Q67: =SUM(K67:M67) -> 15
A68: 22 | B68: 5_6 | C68: 高 | D68: 6 | E68: 6 | F68: 5 | G68: 4 | H68: 3 | I68: 7 | J68: 6 | K68: 6 | L68: 6 | M68: 4 | N68: =SUM(G68:J68)+SUM(K68:M68)-SUM(D68:F68) -> 19 | O68: =SUM(D68:F68) -> 17 | P68: =SUM(G68:J68) -> 20 | Q68: =SUM(K68:M68) -> 16
A69: 22 | B69: 3 | C69: 低 | D69: 2 | E69: 2 | F69: 2 | G69: 4 | H69: 5 | I69: 6 | J69: 3 | K69: 2 | L69: 5 | M69: 6 | N69: =SUM(G69:J69)+SUM(K69:M69)-SUM(D69:F69) -> 25 | O69: =SUM(D69:F69) -> 6 | P69: =SUM(G69:J69) -> 18 | Q69: =SUM(K69:M69) -> 13
A70: 22 | B70: 5 | C70: 低 | D70: 3 | E70: 3 | F70: 3 | G70: 5 | H70: 5 | I70: 5 | J70: 4 | K70: 3 | L70: 5 | M70: 4 | N70: =SUM(G70:J70)+SUM(K70:M70)-SUM(D70:F70) -> 22 | O70: =SUM(D70:F70) -> 9 | P70: =SUM(G70:J70) -> 19 | Q70: =SUM(K70:M70) -> 12
A71: 23 | B71: 5_6 | C71: 高 | D71: 4 | E71: 5 | F71: 4 | G71: 5 | H71: 3 | I71: 6 | J71: 7 | K71: 5 | L71: 3 | M71: 4 | N71: =SUM(G71:J71)+SUM(K71:M71)-SUM(D71:F71) -> 20 | O71: =SUM(D71:F71) -> 13 | P71: =SUM(G71:J71) -> 21 | Q71: =SUM(K71:M71) -> 12
A72: 23 | B72: 5_6_1 | C72: 高 | D72: 7 | E72: 4 | F72: 5 | G72: 6 | H72: 4 | I72: 7 | J72: 5 | K72: 6 | L72: 4 | M72: 5 | N72: =SUM(G72:J72)+SUM(K72:M72)-SUM(D72:F72) -> 21 | O72: =SUM(D72:F72) -> 16 | P72: =SUM(G72:J72) -> 22 | Q72: =SUM(K72:M72) -> 15
A73: 23 | B73: 3 | C73: 低 | D73: 2 | E73: 2 | F73: 1 | G73: 5 | H73: 6 | I73: 5 | J73: 3 | K73: 2 | L73: 5 | M73: 6 | N73: =SUM(G73:J73)+SUM(K73:M73)-SUM(D73:F73) -> 27 | O73: =SUM(D73:F73) -> 5 | P73: =SUM(G73:J73) -> 19 | Q73: =SUM(K73:M73) -> 13
A74: 23 | B74: 5 | C74: 低 | D74: 3 | E74: 4 | F74: 5 | G74: 5 | H74: 4 | I74: 5 | J74: 6 | K74: 4 | L74: 3 | M74: 2 | N74: =SUM(G74:J74)+SUM(K74:M74)-SUM(D74:F74) -> 17 | O74: =SUM(D74:F74) -> 12 | P74: =SUM(G74:J74) -> 20 | Q74: =SUM(K74:M74) -> 9
A75: 24 | B75: 4 | C75: 中 | D75: 4 | E75: 4 | F75: 4 | G75: 6 | H75: 4 | I75: 5 | J75: 3 | K75: 3 | L75: 5 | M75: 2 | N75: =SUM(G75:J75)+SUM(K75:M75)-SUM(D75:F75) -> 16 | O75: =SUM(D75:F75) -> 12 | P75: =SUM(G75:J75) -> 18 | Q75: =SUM(K75:M75) -> 10
A76: 24 | B76: 5_6 | C76: 高 | D76: 5 | E76: 6 | F76: 5 | G76: 7 | H76: 2 | I76: 7 | J76: 5 | K76: 5 | L76: 4 | M76: 3 | N76: =SUM(G76:J76)+SUM(K76:M76)-SUM(D76:F76) -> 17 | O76: =SUM(D76:F76) -> 16 | P76: =SUM(G76:J76) -> 21 | Q76: =SUM(K76:M76) -> 12
A77: 24 | B77: 3 | C77: 低 | D77: 2 | E77: 3 | F77: 3 | G77: 5 | H77: 5 | I77: 4 | J77: 2 | K77: 2 | L77: 6 | M77: 2 | N77: =SUM(G77:J77)+SUM(K77:M77)-SUM(D77:F77) -> 18 | O77: =SUM(D77:F77) -> 8 | P77: =SUM(G77:J77) -> 16 | Q77: =SUM(K77:M77) -> 10
A78: 25 | B78: 4 | C78: 中 | D78: 2 | E78: 3 | F78: 2 | G78: 5 | H78: 3 | I78: 5 | J78: 4 | K78: 4 | L78: 5 | M78: 2 | N78: =SUM(G78:J78)+SUM(K78:M78)-SUM(D78:F78) -> 21 | O78: =SUM(D78:F78) -> 7 | P78: =SUM(G78:J78) -> 17 | Q78: =SUM(K78:M78) -> 11
A79: 25 | B79: 5_6 | C79: 高 | D79: 4 | E79: 6 | F79: 4 | G79: 5 | H79: 2 | I79: 5 | J79: 4 | K79: 5 | L79: 5 | M79: 2 | N79: =SUM(G79:J79)+SUM(K79:M79)-SUM(D79:F79) -> 14 | O79: =SUM(D79:F79) -> 14 | P79: =SUM(G79:J79) -> 16 | Q79: =SUM(K79:M79) -> 12
A80: 25 | B80: 3 | C80: 低 | D80: 2 | E80: 2 | F80: 2 | G80: 3 | H80: 5 | I80: 5 | J80: 2 | K80: 3 | L80: 6 | M80: 2 | N80: =SUM(G80:J80)+SUM(K80:M80)-SUM(D80:F80) -> 20 | O80: =SUM(D80:F80) -> 6 | P80: =SUM(G80:J80) -> 15 | Q80: =SUM(K80:M80) -> 11
A81: 26 | B81: 4 | C81: 中 | D81: 3 | E81: 4 | F81: 4 | G81: 5 | H81: 4 | I81: 6 | J81: 5 | K81: 5 | L81: 4 | M81: 2 | N81: =SUM(G81:J81)+SUM(K81:M81)-SUM(D81:F81) -> 20 | O81: =SUM(D81:F81) -> 11 | P81: =SUM(G81:J81) -> 20 | Q81: =SUM(K81:M81) -> 11
A82: 26 | B82: 5_6 | C82: 高 | D82: 3 | E82: 6 | F82: 4 | G82: 4 | H82: 3 | I82: 6 | J82: 5 | K82: 6 | L82: 3 | M82: 2 | N82: =SUM(G82:J82)+SUM(K82:M82)-SUM(D82:F82) -> 16 | O82: =SUM(D82:F82) -> 13 | P82: =SUM(G82:J82) -> 18 | Q82: =SUM(K82:M82) -> 11
A83: 26 | B83: 3 | C83: 低 | D83: 1 | E83: 1 | F83: 2 | G83: 6 | H83: 6 | I83: 4 | J83: 3 | K83: 3 | L83: 6 | M83: 2 | N83: =SUM(G83:J83)+SUM(K83:M83)-SUM(D83:F83) -> 26 | O83: =SUM(D83:F83) -> 4 | P83: =SUM(G83:J83) -> 19 | Q83: =SUM(K83:M83) -> 11

Sheet 计算说明
A1: SART总分计算说明
A3: 项目 | B3: 说明
A4: Demand(D) | B4: 情景不稳定性D + 情景复杂性D + 情景变动性D
A5: Supply(S) | B5: 觉醒力S + 剩余脑力S + 专注力S + 注意力分割S
A6: Understanding(U) | B6: 信息数量U + 信息质量U + 情景熟悉度U
A7: SART总分 | B7: Supply(S) + Understanding(U) - Demand(D)
A8: 数据范围 | B8: Sheet1!A1:Q83；SART总分位于 Sheet1!N 列，三个分量位于 O:Q 列

Sheet 难度汇总
A1: 任务难度 | B1: 样本量 | C1: SART总分均值 | D1: 标准差 | E1: 最小值 | F1: 最大值
A2: 低 | B2: =COUNTIF(Sheet1!$C$2:$C$83,A2) -> 30 | C2: =AVERAGEIF(Sheet1!$C$2:$C$83,A2,Sheet1!$N$2:$N$83) -> 21.266667 | D2: 4.5100144 | E2: 12 | F2: 31
A3: 中 | B3: =COUNTIF(Sheet1!$C$2:$C$83,A3) -> 24 | C3: =AVERAGEIF(Sheet1!$C$2:$C$83,A3,Sheet1!$N$2:$N$83) -> 19.75 | D3: 4.6461765 | E3: 12 | F3: 29
A4: 高 | B4: =COUNTIF(Sheet1!$C$2:$C$83,A4) -> 28 | C4: =AVERAGEIF(Sheet1!$C$2:$C$83,A4,Sheet1!$N$2:$N$83) -> 16.714286 | D4: 5.3184316 | E4: 5 | F4: 29
